{"cameraMode":{"drawMode":0,"name":"Shaded","section":"Shading Mode"},"sceneLighting":true,"audioPlay":false,"sceneViewState":{"m_AlwaysRefresh":false,"showFog":true,"showSkybox":true,"showFlares":true,"showImageEffects":true,"showParticleSystems":true,"showVisualEffectGraphs":true,"m_FxEnabled":true},"in2DMode":false,"pivot":{"x":0.3083176016807556,"y":3.6333506107330324,"z":-0.7943889498710632},"rotation":{"x":0.21635755896568299,"y":-0.23795802891254426,"z":0.05446239560842514,"w":0.9453078508377075},"size":7.179064750671387,"orthographic":true}